Item #,Category,Item,Product name,Vendor,URL,Price GBP,Tier,Notes
1,Compute,Raspberry Pi 5 (8GB),Raspberry Pi 5 8GB,The Pi Hut,https://thepihut.com/products/raspberry-pi-5,168.00,Core,"4GB=105.60, 16GB=292.80, 2GB=62.40. 8GB recommended for headroom; 4GB is sufficient for data collection."
2,Power,27W USB-C PSU,Raspberry Pi 27W USB-C Power Supply (UK plug),The Pi Hut,https://thepihut.com/products/raspberry-pi-27w-usb-c-power-supply,11.50,Core,"Pi 5 needs 5V/5A PD. The Pi 4's 5V/3A supply will under-power it. Skip if powering via PoE."
3,Cooling,Active Cooler,Active Cooler for Raspberry Pi 5,The Pi Hut,https://thepihut.com/products/active-cooler-for-raspberry-pi-5,4.80,Core,"Mandatory for 24/7 operation. Use this (not the case fan) when a HAT is fitted."
4,Cooling,Official case w/ fan (alt to #3),Raspberry Pi 5 Case,The Pi Hut,https://thepihut.com/products/raspberry-pi-5-case,9.60,Alt,"Includes fan + heatsink. Alternative to Active Cooler - do NOT buy both. Fan insert is removed when a HAT is fitted, so prefer #3 for a HAT build."
5,Time,RTC battery,RTC Battery for Raspberry Pi 5,The Pi Hut,https://thepihut.com/products/rtc-battery-for-raspberry-pi-5,4.80,Core,"Pi 5 has an ONBOARD RTC - no DS3231 HAT needed (unlike the Pi 4 build). This is the rechargeable cell for the onboard RTC connector. Keeps time across reboots when NTP is blocked on a biomed VLAN."
6,Sensing,ADC board (ADS1256),High-Precision AD/DA Board for Raspberry Pi (ADS1256 8-ch 24-bit + DAC8552),The Pi Hut,https://thepihut.com/products/high-precision-ad-da-expansion-board-for-raspberry-pi,33.60,Core,"This is the board you already have (ADS1256, confirmed by live test). NOT the product named 'High-Precision AD HAT' which uses the ADS1263. Occupies the 40-pin GPIO header."
7,Storage,NVMe M.2 HAT+,Raspberry Pi M.2 HAT+ (2230/2242),The Pi Hut,https://thepihut.com/products/raspberry-pi-m2-hat-plus,11.50,Recommended,"NEW vs Pi 4: uses the PCIe FPC ribbon, NOT the 40-pin header - so it does NOT conflict with the ADS1256 HAT. Cleanest way to get fast reliable boot storage off the SD card."
7b,Storage,NVMe Base (alt to #7),NVMe Base for Raspberry Pi 5 (Pimoroni),The Pi Hut,https://thepihut.com/products/nvme-base-for-raspberry-pi-5-nvme-base,14.00,Alt,"~13-15 unconfirmed. Alternative M.2 carrier; verify mechanical fit with the ADS1256 HAT."
8,Storage,NVMe SSD 256GB,Raspberry Pi SSD (M.2 2230),The Pi Hut,https://thepihut.com/products/raspberry-pi-ssd,57.60,Recommended,"512GB=86.40, 1TB=97.20. Official SSD is 2230 form factor; the M.2 HAT+ also accepts 2242."
9,Power,UPS HAT (safe shutdown) (RECOMMENDED),21700 UPS HAT (E) for Raspberry Pi 5/4/3 (Waveshare),The Pi Hut,https://thepihut.com/products/21700-ups-hat-e-for-raspberry-pi-5-4-3,31.70,Safety,"Pick ONE UPS (this OR 9b). Mounts UNDERSIDE via pogo pins -> does NOT occupy the 40-pin header, so it coexists cleanly with the ADS1256 HAT. Onboard MCU = automatic safe-shutdown + auto-boot. 5V/6A (up to 10A). Needs 4x 21700 cells (not incl, ~20+, bulky, won't fit a standard case)."
9b,Power,UPS HAT (A) (alt to #9),Uninterruptible Power Supply UPS HAT (A),The Pi Hut,https://thepihut.com/products/uninterruptible-power-supply-ups-hat-a-for-raspberry-pi,21.20,Alt,"Cheaper alternative. Sits ON the 40-pin GPIO header (incl. riser to pass signals up to the ADC HAT). 2x 18650 cells (not incl). 2.5A output. I2C monitoring only - you script the shutdown (no auto-shutdown MCU)."
10,Patient safety,USB galvanic isolator,Industrial USB Isolator (DFRobot FIT0860 2500V),The Pi Hut,https://thepihut.com/products/industrial-usb-isolator,19.20,Safety,"Full-speed only (12 Mbps) - fine for serial/RS-232 instruments. Breaks leakage-current ground path to patient-connected gear (IEC 60601)."
10b,Patient safety,High-speed USB isolator (alt to #10),Olimex USB-ISO-HS High-Speed USB Isolator (480Mbps),The Pi Hut,https://thepihut.com/products/olimex-usb-iso-hs-high-speed-usb-isolator,38.00,Alt,"~35-40 unconfirmed. Use if you need high-throughput USB through the isolation barrier."
11,Patient safety,Isolated USB-RS232 (FTDI),StarTech ICUSB2321FIS (FTDI USB-Serial RS232 w/ optical isolation),Amazon UK / StarTech,https://www.startech.com/en-eu/cards-adapters/icusb2321fis,62.00,Safety,"~55-70 unconfirmed. Preferred for RS-232 to a patient-connected instrument: 2500V optical isolation + genuine FTDI."
11b,I/O,Standard USB-RS232 (FTDI) (alt to #11),Industrial USB to RS232 Serial Adapter Cable (FT232RL),The Pi Hut,https://thepihut.com/products/industrial-usb-to-rs232-male-serial-adapter-cable,15.40,Alt,"Genuine FT232RL, NOT isolated. Only use where no patient-connected isolation is required."
12,Network,PoE+ HAT for Pi 5,PoE HAT (G) for Raspberry Pi 5 (Waveshare 802.3af/at 5V5A),The Pi Hut,https://thepihut.com/products/power-over-ethernet-hat-g-for-raspberry-pi-5,15.40,Optional,"The original Raspberry Pi PoE+ HAT is NOT Pi 5 compatible. Wired/PoE preferred over Wi-Fi. Sits on 40-pin header -> conflicts with ADS1256 HAT (see caveats)."
12b,Network,PoE+ HAT w/ fan (alt to #12),PoE HAT (F) for Raspberry Pi 5 (isolated 5V/12V + active cooling),The Pi Hut,https://thepihut.com/products/poe-hat-for-raspberry-pi-5-with-cooling-fan,26.00,Alt,"~25-28 unconfirmed. Adds cooling + isolated outputs."
13,Storage,microSD 32GB A2,Raspberry Pi Micro SD Card 32GB A2 (OS pre-installed),The Pi Hut,https://thepihut.com/products/noobs-preinstalled-sd-card,27.50,Core,"For initial imaging/boot before migrating to NVMe. Blank A2 32GB is cheaper (~8-10) if you image it yourself."
